Expression,Meaning,Reading,Grammar,Additional_meaning,Marqueurs
腕,arm,腕[うで],Noun,"skill, efforts, ability",jlpt-n4 jlpt-n4
人形,"doll, puppet, figure",人形[にんぎょう],Noun,,jlpt-n4 jlpt-n4
文化,"culture, civilization, civilisation",文化[ぶんか],Noun,Bunka era (1804.2.11-1818.4.22),jlpt-n4 jlpt-n4
海岸,"coast, beach",海岸[かいがん],"Noun, No-adjective",,jlpt-n4 jlpt-n4
産業,industry,産業[さんぎょう],"Noun, No-adjective","livelihood, occupation",jlpt-n4 jlpt-n4
動物園,"zoo, zoological gardens",動物園[どうぶつえん],Noun,,jlpt-n4 jlpt-n4
美術館,"art gallery, art museum",美術館[びじゅつかん],Noun,,jlpt-n4 jlpt-n4
水道,"water supply, water service, waterworks",水道[すいどう],Noun,"channel, strait; water course, waterway",jlpt-n4 jlpt-n4
飛行場,"airfield, airport",飛行場[ひこうじょう],Noun,,jlpt-n4 jlpt-n4
葡萄,"grape, grapevine",葡萄[ぶどう],Noun,,jlpt-n4
事故,"accident, incident, trouble",事故[じこ],Noun,"circumstances, reasons",jlpt-n4 jlpt-n4
息子,son,息子[むすこ],Noun,penis,jlpt-n4 jlpt-n4
生活,"living, life (one's daily existence), livelihood",生活[せいかつ],"Noun, Suru verb",,jlpt-n4 jlpt-n4
注意,"caution, being careful, attention (heed), warning, advice",注意[ちゅうい],"Noun, Suru verb",,jlpt-n4 jlpt-n4
女性,"woman, female",女性[じょせい],"Noun, No-adjective",feminine gender,jlpt-n4 jlpt-n4
生きる,"to live, to exist",生[い]きる,"Ichidan verb, intransitive verb","to make a living, to subsist; to be in effect, to be in use, to function; to come to life, to be enlivened; to be safe (in baseball, go, etc.)",jlpt-n4 jlpt-n4
船,"ship, boat, watercraft, vessel, steamship",船[ふね],Noun,"tank, tub, vat, trough; counter for boat-shaped containers (e.g. of sashimi)",jlpt-n4 jlpt-n3 jlpt-n4 jlpt-n3
説明,"explanation, exposition",説明[せつめい],"Noun, Suru verb, No-adjective",,jlpt-n4 jlpt-n4
警察,police,警察[けいさつ],"Noun, No-adjective",police officer; police station,jlpt-n4 jlpt-n4
危険,"danger, peril, hazard",危険[きけん],"Noun, Na-adjective",risk,jlpt-n4 jlpt-n4
世界,"the world, society, the universe",世界[せかい],Noun,"sphere, circle, world; renowned, world-famous, well-known outside of Japan; realm governed by one Buddha, space",jlpt-n4 jlpt-n4
戦争,war,戦争[せんそう],"Noun, Suru verb","fighting, fierce competition",jlpt-n4 jlpt-n4
小説,"novel, (short) story",小説[しょうせつ],"Noun, No-adjective",,jlpt-n4 jlpt-n4
関係,"relation, relationship, connection",関係[かんけい],"Noun, Suru verb, No-adjective","participation, involvement, concern; influence, effect; sexual relations, sexual relationship; related to, connected to",jlpt-n4 jlpt-n4
研究,"study, research, investigation",研究[けんきゅう],"Noun, Suru verb",,jlpt-n4 jlpt-n4
会議,"meeting, conference, session, assembly, council, convention, congress",会議[かいぎ],"Noun, Suru verb, No-adjective",,jlpt-n4 jlpt-n4
音,"sound, noise, report",音[おと],"Noun, Noun - used as a suffix",note; fame; Chinese-derived character reading,jlpt-n4 jlpt-n3 jlpt-n1 jlpt-n4 jlpt-n3 jlpt-n1
普通,"general, ordinary, usual",普通[ふつう],No-adjective,"normally, generally, usually; really; local train, train that stops at every station",jlpt-n4 jlpt-n4
湖,lake,湖[みずうみ],Noun,,jlpt-n4 jlpt-n4
夢,dream,夢[ゆめ],Noun,,jlpt-n4 jlpt-n4
空港,airport,空港[くうこう],Noun,,jlpt-n4 jlpt-n4
数学,"mathematics, arithmetic",数学[すうがく],Noun,,jlpt-n4 jlpt-n4
教育,"education, schooling, training, instruction, teaching, upbringing",教育[きょういく],"Noun, Suru verb","culture, cultivation, education",jlpt-n4 jlpt-n4
赤ちゃん,"baby, infant",赤[あか]ちゃん,Noun,,jlpt-n4 jlpt-n1 jlpt-n4 jlpt-n1
火,"fire, flame, blaze",火[ひ],"Noun, Noun - used as a suffix",,jlpt-n4 jlpt-n4
自由,"freedom, liberty, as it pleases you",自由[じゆう],"Expression, Na-adjective, Noun",,jlpt-n4 jlpt-n4
森,forest,森[もり],Noun,shrine grove,jlpt-n4 jlpt-n4
法律,law,法律[ほうりつ],"Noun, No-adjective",,jlpt-n4 jlpt-n4
気分,"feeling, mood",気分[きぶん],Noun,,jlpt-n4 jlpt-n4
壁,"wall, partition",壁[かべ],Noun,"""barrier, obstacle; Chinese """"Wall"""" constellation (one of the 28 mansions)""",jlpt-n4 jlpt-n4
田舎,"rural area, countryside, the sticks",田舎[いなか],"Noun, No-adjective",hometown,jlpt-n4 jlpt-n4
気,"spirit, mind, heart",気[き],Noun,"nature, disposition; motivation, intention; mood, feelings; ambience, atmosphere, mood",jlpt-n4 jlpt-n4
男性,"man, male",男性[だんせい],"Noun, No-adjective",masculine gender,jlpt-n4 jlpt-n4
地震,earthquake,地震[じしん],Noun,,jlpt-n4 jlpt-n4
故障,"breakdown, failure, fault, accident, out of order",故障[こしょう],"Noun, Suru verb","damage, hurt; objection, protest",jlpt-n4 jlpt-n3 jlpt-n4 jlpt-n3
人口,population,人口[じんこう],Noun,common talk,jlpt-n4 jlpt-n4
残念,"deplorable, regrettable, disappointing, vexing, unfortunate",残念[ざんねん],"Na-adjective, Noun",,jlpt-n4 jlpt-n4
島,island,島[しま],Noun,"territory (of a prostitute, organized crime gang, etc.), turf",jlpt-n4 jlpt-n4
歴史,history,歴史[れきし],"Noun, No-adjective",,jlpt-n4 jlpt-n4
教会,"church, congregation",教会[きょうかい],Noun,,jlpt-n4 jlpt-n4
住所,"address (e.g. of house), residence, domicile",住所[じゅうしょ],Noun,,jlpt-n4 jlpt-n4
社会,"society, public, community, the world",社会[しゃかい],Noun,social studies,jlpt-n4 jlpt-n4
工場,"factory, plant, mill, workshop",工場[こうじょう],Noun,,jlpt-n4 jlpt-n4
趣味,"hobby, pastime",趣味[しゅみ],Noun,"tastes, preference, liking",jlpt-n4 jlpt-n4
経済,"economics, business, finance, economy",経済[けいざい],"Noun, Suru verb",,jlpt-n4 jlpt-n4
台風,"typhoon, hurricane",台風[たいふう],Noun,,jlpt-n4 jlpt-n4
卒業,"graduation, completion (e.g. of a course)",卒業[そつぎょう],"Noun, Suru verb","moving on (from), outgrowing something, leaving (a group, company, etc.), quitting",jlpt-n4 jlpt-n4
雲,cloud,雲[くも],Noun,,jlpt-n4 jlpt-n4
科学,science,科学[かがく],Noun,,jlpt-n4 jlpt-n4
光,light,光[ひかり],Noun,"illumination, ray, beam, gleam, glow; happiness, hope; influence, power; vision, eyesight",jlpt-n4 jlpt-n4
贈り物,"present, gift",贈[おく]り 物[もの],Noun,,jlpt-n4 jlpt-n4
政治,"politics, government",政治[せいじ],Noun,,jlpt-n4 jlpt-n4
特別,"special, particular, extraordinary, exceptional, especial",特別[とくべつ],"Na-adjective, No-adjective, Adverb, Noun",,jlpt-n4 jlpt-n4
水泳,swimming,水泳[すいえい],"Noun, Suru verb, No-adjective",,jlpt-n4 jlpt-n4
講義,lecture,講義[こうぎ],"Noun, Suru verb",,jlpt-n4 jlpt-n4
指,"finger, toe, digit",指[ゆび],Noun,,jlpt-n4 jlpt-n4
生産,"production, manufacture",生産[せいさん],"Noun, Suru verb",,jlpt-n4 jlpt-n3 jlpt-n4 jlpt-n3
会話,conversation,会話[かいわ],"Noun, Suru verb",,jlpt-n4 jlpt-n4
季節,"season, time of year",季節[きせつ],"Noun, No-adjective",,jlpt-n4 jlpt-n4
玩具,"toy, plaything",玩具[おもちゃ],Noun,,jlpt-n4 jlpt-n1
翻訳,translation,翻訳[ほんやく],"Noun, Suru verb","deciphering, decoding; translation",jlpt-n4 jlpt-n4
貿易,trade (foreign),貿易[ぼうえき],"Noun, Suru verb",,jlpt-n4 jlpt-n4
文学,literature,文学[ぶんがく],Noun,,jlpt-n4 jlpt-n4
葉,"leaf, blade (of grass), (pine) needle",葉[は],Noun,,jlpt-n4 jlpt-n4
交通,"traffic, transportation, communication, exchange (of ideas, etc.), intercourse",交通[こうつう],"Noun, Suru verb",,jlpt-n4 jlpt-n4
遊び,playing,遊[あそ]び,"Noun, Noun - used as a suffix","play (margin between on and off, gap before pressing button or lever has an effect)",jlpt-n4 jlpt-n4
道具,"tool, implement, instrument, utensil, apparatus, device",道具[どうぐ],Noun,means; furniture,jlpt-n4 jlpt-n4
入学,"entry to school or university, matriculation, enrolment (in university, etc.) (enrollment)",入学[にゅうがく],"Noun, Suru verb",,jlpt-n4 jlpt-n3 jlpt-n4 jlpt-n3
背中,back (of body),背中[せなか],Noun,,jlpt-n4 jlpt-n4
発音,pronunciation,発音[はつおん],"Noun, Suru verb",production of sound,jlpt-n4 jlpt-n4
指輪,(finger) ring,指輪[ゆびわ],Noun,,jlpt-n4 jlpt-n4
医学,"medical science, medicine",医学[いがく],Noun,,jlpt-n4 jlpt-n4
漫画,"cartoon, comic, comic strip",漫画[まんが],Noun,,jlpt-n4 jlpt-n4
鏡,"mirror, looking-glass",鏡[かがみ],Noun,"barrel head; page added at the beginning of a document mentioning its purpose, date, author, etc.; mirror-shaped mochi",jlpt-n4 jlpt-n4
電報,telegram,電報[でんぽう],Noun,,jlpt-n4 jlpt-n4
校長,"principal, headmaster",校長[こうちょう],Noun,,jlpt-n4 jlpt-n4
市民,"citizen, citizenry, public",市民[しみん],Noun,"city inhabitant, townspeople; bourgeoisie, middle class",jlpt-n4
郊外,"suburb, residential area on the outskirt of a city, commuter belt",郊外[こうがい],Noun,,jlpt-n4 jlpt-n4
砂,"sand, grit",砂[すな],Noun,"gold dust, silver dust",jlpt-n4 jlpt-n4
手袋,"glove, mitten, mitt",手袋[てぶくろ],Noun,,jlpt-n4 jlpt-n4
絹,silk,絹[きぬ],Noun,,jlpt-n4 jlpt-n4
日記,"diary, journal",日記[にっき],Noun,,jlpt-n4 jlpt-n4
文法,"grammar, syntax",文法[ぶんぽう],"Noun, No-adjective",,jlpt-n4 jlpt-n4
糸,"thread, yarn, string",糸[いと],"Noun, Noun - used as a suffix",,jlpt-n4 jlpt-n4
神社,Shinto shrine,神社[じんじゃ],Noun,,jlpt-n4 jlpt-n4
駐車場,"parking lot, parking place",駐車場[ちゅうしゃじょう],Noun,,jlpt-n4 jlpt-n4
展覧会,exhibition,展覧会[てんらんかい],Noun,,jlpt-n4 jlpt-n4
小学校,"primary school, elementary school, grade school",小学校[しょうがっこう],Noun,,jlpt-n4 jlpt-n4
西洋,"the west, Western countries",西洋[せいよう],"Noun, No-adjective",,jlpt-n4 jlpt-n4
先輩,"senior (at work or school), superior, elder, older graduate, progenitor, old-timer",先輩[せんぱい],Noun,,jlpt-n4 jlpt-n4
注射,injection,注射[ちゅうしゃ],"Noun, Suru verb",,jlpt-n4 jlpt-n4
坂,"slope, hill",坂[さか],Noun,,jlpt-n4 jlpt-n4
乗り物,"vehicle, conveyance, transport",乗[の]り 物[もの],Noun,"ride (playground, fair, carnival), playground facility",jlpt-n4 jlpt-n4
旅館,"ryokan, traditional inn, Japanese-style lodging, usu. professionally-run",旅館[りょかん],Noun,,jlpt-n4 jlpt-n4
林,"woods, forest, copse, thicket",林[はやし],Noun,"bunch, line (of something), collection",jlpt-n4 jlpt-n4
布団,"futon, Japanese bedding consisting of a mattress and a duvet",布団[ふとん],Noun,round cushion used for Zen meditation (traditionally made of woven bulrush leaves),jlpt-n4 jlpt-n4
中学校,"junior high school, middle school, lower secondary school",中学校[ちゅうがっこう],Noun,,jlpt-n4 jlpt-n4
研究室,laboratory,研究室[けんきゅうしつ],Noun,seminar room; professor's office,jlpt-n4 jlpt-n4
会議室,"conference room, council room",会議室[かいぎしつ],Noun,,jlpt-n4 jlpt-n4
柔道,judo,柔道[じゅうどう],Noun,,jlpt-n4 jlpt-n4
高等学校,"senior high school, high school",高等学校[こうとうがっこう],Noun,,jlpt-n4 jlpt-n4
花見,"cherry blossom viewing, flower viewing",花見[はなみ],"Noun, Suru verb",,jlpt-n4 jlpt-n4
公務員,"government worker, public servant, civil servant",公務員[こうむいん],Noun,,jlpt-n4 jlpt-n4
辞典,"dictionary, lexicon",辞典[じてん],Noun,,jlpt-n4 jlpt-n4
心,"mind, heart, spirit",心[こころ],Noun,"the meaning of a phrase (riddle, etc.)",jlpt-n4 jlpt-n4
力,"force, strength, might, vigour (vigor), energy",力[ちから],Noun,"capability, ability, proficiency, capacity, faculty; efficacy, effect; effort, endeavours (endeavors), exertions; power, authority, influence, good offices, agency; support, help, aid, assistance; stress, emphasis; means, resources",jlpt-n4 jlpt-n4
喧嘩,"quarrel, brawl, fight, squabble, scuffle, argument",喧嘩[けんか],"Noun, Suru verb",,jlpt-n4 jlpt-n3 jlpt-n4 jlpt-n3
天気予報,"weather forecast, weather report",天気予報[てんきよほう],Noun,,jlpt-n4 jlpt-n4
髭,"moustache, beard, whiskers",髭[ひげ],Noun,"whiskers (on a cat, etc.), feelers (on an insect, etc.), (chin) tuft; extremely short pulse appearing on an electrical signal",jlpt-n4 jlpt-n2
押し入れ,closet,押[お]し 入[い]れ,Noun,,jlpt-n4 jlpt-n4
味噌,"miso, fermented condiment usu. made from soybeans",味噌[みそ],Noun,"innards (from crabs, shrimps, etc.) resembling miso; key (main) point, good part (of something); weakling, weak person; try",jlpt-n4 jlpt-n4
客,"guest, visitor",客[きゃく],Noun,"customer, client, shopper, spectator, audience, tourist, sightseer, passenger",jlpt-n4 jlpt-n4
祖父,grandfather,祖父[そふ],"Noun, No-adjective",old man; kyogen mask used for the role of an old man,jlpt-n4 jlpt-n4
高校,"senior high school, high school",高校[こうこう],Noun,,jlpt-n4 jlpt-n4
近所,"neighbourhood, neighborhood",近所[きんじょ],"Noun, No-adjective",,jlpt-n4 jlpt-n4
番組,"program (e.g. TV), programme",番組[ばんぐみ],Noun,,jlpt-n4 jlpt-n4
見物,"sightseeing, watching, viewing",見物[けんぶつ],"Noun, Suru verb","sightseer, watcher, spectator",jlpt-n4 jlpt-n4
亜米利加,America,亜米利加[アメリカ],Noun,United States of America,jlpt-n4
彼女,"she, her",彼女[かのじょ],Pronoun,girlfriend,jlpt-n4 jlpt-n4
思う,"to think, to consider, to believe, to reckon",思[おも]う,"Godan verb with u ending, Transitive verb","to think (of doing), to plan (to do); to judge, to assess, to regard; to imagine, to suppose, to dream; to expect, to look forward to; to feel, to be (in a state of mind), to desire, to want; to recall, to remember",jlpt-n4 jlpt-n4
僕,"I, me",僕[ぼく],Pronoun,you; manservant,jlpt-n4 jlpt-n4
必要,"necessary, needed, essential, indispensable",必要[ひつよう],Na-adjective,"necessity, need, requirement",jlpt-n4 jlpt-n4
見える,"to be seen, to be in sight",見[み]える,"Ichidan verb, intransitive verb","to look, to seem, to appear; to come",jlpt-n4 jlpt-n4
考える,"to think (about, of), to think over, to ponder, to contemplate, to reflect (on), to meditate (on)",考[かんが]える,"Ichidan verb, Transitive verb","to consider, to bear in mind, to allow for, to take into consideration; to think (that), to believe, to hold (a view), to judge, to conclude, to suspect; to intend (to do), to think of (doing), to plan; to predict, to anticipate, to expect, to imagine; to come up with, to think up, to contrive, to devise; to consider (as), to regard (as), to look on (as), to take, to view",jlpt-n4 jlpt-n4
為,"good, advantage, benefit, welfare",為[ため],Noun,"sake, purpose, objective, aim; consequence, result, effect; affecting, regarding, concerning",jlpt-n4 jlpt-n4
始める,"to start, to begin, to commence, to initiate, to originate",始[はじ]める,"Ichidan verb, Transitive verb","to start up (a business, society, etc.), to open (e.g. a store), to establish; to start ..., to begin to ...",jlpt-n4 jlpt-n4
受ける,"to receive, to get",受[う]ける,"Ichidan verb, Transitive verb","to catch (e.g. a ball); to be struck by (wind, waves, sunlight, etc.); to sustain (damage), to incur (a loss), to suffer (an injury), to feel (influence); to undergo (e.g. surgery), to take (a test), to accept (a challenge); to be given (e.g. life, talent); to find funny, to find humorous, to be amused (by); to follow, to succeed, to be descended from; to face (south, etc.); to be modified by; to obtain (a pawned item, etc.) by paying a fee; to be well-received, to become popular, to go down well",jlpt-n4 jlpt-n4
美しい,"beautiful, pretty, lovely, sweet, pure (heart, friendship, etc.)",美[うつく]しい,I-adjective,,jlpt-n4 jlpt-n4
試験,"examination, exam, test",試験[しけん],"Noun, Suru verb","trial, experiment, test",jlpt-n4 jlpt-n4
親切,"kind, gentle, considerate, generous, friendly, nice",親切[しんせつ],"Na-adjective, Noun",,jlpt-n4 jlpt-n4
失敗,"failure, mistake, blunder",失敗[しっぱい],"Noun, No-adjective, Suru verb",,jlpt-n4 jlpt-n4
以上,"not less than, ... and more, ... and upwards",以上[いじょう],"Adverbial noun, Temporal noun","beyond ... (e.g. one's means), further (e.g. nothing further to say), more than ... (e.g. cannot pay more than that); above-mentioned, foregoing; since ..., seeing that ...; this is all, that is the end, the end",jlpt-n4 jlpt-n4
意見,"opinion, view, comment",意見[いけん],"Noun, Suru verb, No-adjective",,jlpt-n4 jlpt-n4
決して,"never, by no means, not in the least, in no way",決[けっ]して,Adverb,,jlpt-n4 jlpt-n4
十分,"enough, sufficient, plenty, adequate, satisfactory",十分[じゅうぶん],Na-adjective,"sufficiently, fully, thoroughly, well, perfectly; division into ten",jlpt-n4
試合,"match, game, bout, contest",試合[しあい],"Noun, Suru verb",,jlpt-n4 jlpt-n4
一生懸命,"very hard, with utmost effort, with all one's might, for dear life",一生懸命[いっしょうけんめい],"Na-adjective, Adverbial noun, Noun",,jlpt-n4 jlpt-n4
子,child,子[こ],"Noun, Noun - used as a suffix","young (animal); young woman, young geisha; offshoot; interest; new shares; player who is not a dealer (in cards, mahjong, etc.); bird egg; -er (often of young women)",jlpt-n4 jlpt-n1 jlpt-n4 jlpt-n1
探す,"to search (for something desired, needed), to look for",探[さが]す,"Godan verb with su ending, Transitive verb","to search (for something lost), to seek (a suspect in a crime)",jlpt-n4 jlpt-n2 jlpt-n4 jlpt-n2
急ぐ,"to hurry, to rush, to hasten, to make something happen sooner",急[いそ]ぐ,"Godan verb with gu ending, intransitive verb, Transitive verb",,jlpt-n4 jlpt-n4
選ぶ,"to choose, to select",選[えら]ぶ,"Godan verb with bu ending, Transitive verb",,jlpt-n4 jlpt-n4
送る,"to send (a thing), to dispatch, to despatch, to transmit",送[おく]る,"Godan verb with ru ending, Transitive verb","to take or escort (a person somewhere), to see off (a person); to bid farewell (to the departed), to bury; to spend (time), to live one's life; to pass (down the line); to affix okurigana",jlpt-n4 jlpt-n4
必ず,"always, without exception, necessarily, certainly, without fail, positively, invariably",必[かなら]ず,Adverb,,jlpt-n4 jlpt-n4
怒る,"to get angry, to get mad",怒[おこ]る,"Godan verb with ru ending, intransitive verb","to tell someone off, to scold; to be angular, to be square",jlpt-n4 jlpt-n1 jlpt-n4 jlpt-n1
最近,"recently, lately, these days, nowadays, right now",最近[さいきん],"Adverbial noun, Temporal noun, No-adjective","nearest, closest",jlpt-n4 jlpt-n4
払う,"to pay (e.g. money, bill)",払[はら]う,"Godan verb with u ending, Transitive verb","to brush off, to wipe away, to clear away, to dust off, to cut off (e.g. branches); to drive away (e.g. one's competitors); to sell off (something unneeded), to dispose of; to pay (e.g. attention), to show (e.g. respect, concern); to make (e.g. effort, sacrifice), to expend, to exert; to move out (of one's own place), to vacate; to sweep (e.g. one's legs), to knock aside; to make a sweeping stroke (in Japanese calligraphy); to reset (an abacus)",jlpt-n4
合う,"to come together, to merge, to unite, to meet",合[あ]う,"Godan verb with u ending, intransitive verb","to fit, to match, to suit, to agree with, to be correct; to be profitable, to be equitable; to do ... to each other, to do ... together",jlpt-n4 jlpt-n4
点,"dot, spot, point, speck, mark",点[てん],Noun,"""mark (in an exam, etc.), grade, score, points; point (in a game), score, goal, run; point (in geometry); point, aspect, matter, detail, part, respect, way, viewpoint; (punctuation) mark (e.g. comma, period, decimal point), dot; """"dot"""" stroke (in a Chinese character); counter for points, marks, goals, etc.; counter for goods, items, articles of clothing, works of art, etc.""",jlpt-n4 jlpt-n4
決める,"to decide, to choose, to determine, to make up one's mind, to resolve, to set one's heart on, to settle, to arrange, to set, to appoint, to fix",決[き]める,"Ichidan verb, Transitive verb","to clinch (a victory), to decide (the outcome of a match); to persist in doing, to go through with; to always do, to have made a habit of; to take for granted, to assume; to dress up, to dress to kill, to dress to the nines; to carry out successfully (a move in sports, a pose in dance, etc.), to succeed in doing; to immobilize with a double-arm lock (in sumo, judo, etc.); to eat or drink something, to take illegal drugs",jlpt-n4 jlpt-n4
笑う,to laugh,笑[わら]う,"Godan verb with u ending, intransitive verb","to smile; to sneer, to ridicule; to be dumbfounded, to be flabbergasted",jlpt-n4 jlpt-n4
最初,"beginning, outset, first, onset",最初[さいしょ],"No-adjective, Adverbial noun, Temporal noun",,jlpt-n4 jlpt-n4
反対,"opposition, resistance, antagonism, hostility, objection, dissent",反対[はんたい],"Noun, Suru verb, No-adjective, Na-adjective","reverse, opposite, inverse, contrary",jlpt-n4 jlpt-n4
妻,wife,妻[つま],Noun,"my dear, dear, honey; garnish (esp. one served with sashimi); embellishment",jlpt-n4 jlpt-n4
娘,(my) daughter,娘[むすめ],Noun,"girl (i.e. a young, unmarried woman)",jlpt-n4 jlpt-n4
喜ぶ,"to be delighted, to be glad, to be pleased",喜[よろこ]ぶ,Godan verb with bu ending,to congratulate; to gratefully accept,jlpt-n4 jlpt-n2 jlpt-n4 jlpt-n2
理由,"reason, pretext, motive",理由[りゆう],Noun,,jlpt-n4 jlpt-n4
昔,"olden days, former",昔[むかし],"No-adjective, Adverbial noun, Temporal noun",,jlpt-n4 jlpt-n4
約束,"promise, agreement, arrangement, one's word, contract, pact, appointment, engagement, date",約束[やくそく],"Noun, Suru verb","convention, rule; destiny, fate",jlpt-n4 jlpt-n4
思い出す,"to recall, to remember, to recollect",思[おも]い 出[だ]す,"Godan verb with su ending, Transitive verb",,jlpt-n4 jlpt-n4
正しい,"right, correct",正[ただ]しい,I-adjective,"proper, righteous, just, honest, truthful, lawful",jlpt-n4 jlpt-n4
落ちる,"to fall down, to drop, to fall (e.g. rain), to sink (e.g. sun or moon), to fall onto (e.g. light or one's gaze), to be used in a certain place (e.g. money)",落[お]ちる,"Ichidan verb, intransitive verb","to be omitted, to be missing; to decrease, to sink; to fail (e.g. exam or class), to lose (contest, election, etc.); to crash, to degenerate, to degrade, to fall behind; to become indecent (of a conversation); to be ruined, to go under; to fade, to come out (e.g. a stain), to come off (e.g. makeup), to be removed (e.g. illness, possessing spirit, name on a list); to fall (into someone's hands), to become someone's possession; to fall (into a trap), to fall (for a trick); to give in, to give up, to confess, to flee; to fall, to be defeated, to surrender; to come to (in the end), to end in; to fall (in love, asleep, etc.); to swoon (judo); to consent, to understand; to go down (of a website, server, etc.), to crash; to log out (of an online game, chat room, etc.), to drop out, to leave, to go offline; to die; to move to the depths; to go down (of a website, server, etc.)",jlpt-n4 jlpt-n1 jlpt-n4 jlpt-n1
場所,"place, location, spot, position",場所[ばしょ],Noun,"room, space; basho, wrestling tournament",jlpt-n4 jlpt-n4
楽しむ,to enjoy (oneself),楽[たの]しむ,Godan verb with mu ending,,jlpt-n4 jlpt-n1
利用,"use, utilization, utilisation, application",利用[りよう],"Noun, Suru verb",,jlpt-n4 jlpt-n4
間に合う,to be in time for,間[ま]に 合[あ]う,"Godan verb with u ending, intransitive verb","to serve (suit, meet) the purpose, to be good enough, to be enough",jlpt-n4 jlpt-n4
今度,"this time, now",今度[こんど],"Adverbial noun, Temporal noun","next time, another time, shortly, soon; recently, previous, last",jlpt-n4 jlpt-n4
予定,"plans, arrangement, schedule, program, programme, expectation, estimate",予定[よてい],"Noun, Suru verb",,jlpt-n4 jlpt-n4
訪ねる,"to visit, to call on, to pay a visit to",訪[たず]ねる,"Ichidan verb, Transitive verb",,jlpt-n4 jlpt-n4
赤ん坊,"baby, infant",赤[あか]ん 坊[ぼう],Noun,,jlpt-n4 jlpt-n2 jlpt-n4 jlpt-n2
進む,"to advance, to go forward",進[すす]む,"Godan verb with mu ending, intransitive verb","to precede, to go ahead (of); to make progress, to improve; to deepen, to heighten; to be fast (of a clock), to be ahead; to do of one's own free will",jlpt-n4 jlpt-n4
最後,"end, conclusion",最後[さいご],Noun,"last, final, latest, most recent; no sooner than, once, right after (often having negative consequences); one's final moments",jlpt-n4 jlpt-n4
向かう,to face,向[む]かう,"Godan verb with u ending, intransitive verb","to go towards, to head towards",jlpt-n4 jlpt-n2 jlpt-n4 jlpt-n2
通る,"to go by, to go past, to go along, to travel along, to pass through, to use (a road), to take (a route), to go via, to go by way of",通[とお]る,"Godan verb with ru ending, intransitive verb","to run (between), to operate (between), to connect; to go indoors, to go into a room, to be admitted, to be shown in, to be ushered in, to come in; to penetrate, to pierce, to skewer, to go through, to come through; to permeate, to soak into, to spread throughout; to carry (e.g. of a voice), to reach far; to be passed on (e.g. of a customer's order to the kitchen), to be relayed, to be conveyed; to pass (a test, a bill in the House, etc.), to be approved, to be accepted; to go by (a name), to be known as, to be accepted as, to have a reputation for; to be coherent, to be logical, to be reasonable, to be comprehensible, to be understandable, to make sense; to get across (e.g. of one's point), to be understood; to be straight (e.g. wood grain); to be well-informed, to be wise; to do ... completely, to do ... thoroughly",jlpt-n4 jlpt-n4
興味,"interest (in something), curiosity (about something), zest (for)",興味[きょうみ],Noun,,jlpt-n4 jlpt-n4
時代,"period, epoch, era, age",時代[じだい],"Temporal noun, Noun","the times, those days; oldness, ancientness, antiquity; antique, period piece",jlpt-n4 jlpt-n4
気持ち,"feeling, sensation, mood",気持[きも]ち,Noun,"preparedness, readiness, attitude; thanks, solicitude, sympathy; just a little, somewhat, slightly",jlpt-n4 jlpt-n4
途中,"on the way, en route",途中[とちゅう],"Adverbial noun, Temporal noun","in the middle of, midway",jlpt-n4 jlpt-n1 jlpt-n4 jlpt-n1
返事,"reply, answer, response",返事[へんじ],"Noun, Suru verb",,jlpt-n4 jlpt-n4
簡単,"simple, easy, uncomplicated",簡単[かんたん],"Na-adjective, Noun","brief, quick, light",jlpt-n4 jlpt-n4
深い,deep,深[ふか]い,I-adjective,"profound; dense, thick; close (relationship); intense, strong; late",jlpt-n4 jlpt-n4
起こす,"to raise, to raise up, to set up, to pick up",起[お]こす,"Godan verb with su ending, Transitive verb","to wake, to wake up, to waken, to awaken; to cause, to bring about, to lead to, to trigger, to give rise to, to create, to generate (e.g. heat, electricity), to produce; to start, to begin, to launch, to establish, to found, to set up, to open; to plough, to plow, to till; to fall ill with; to transcribe, to write down (what is spoken); to turn over (a card)",jlpt-n4 jlpt-n1 jlpt-n4 jlpt-n1
夫,husband,夫[おっと],Noun,,jlpt-n4 jlpt-n4
一度,"once, one time, on one occasion",一度[いちど],Adverbial noun,"temporarily, for a moment; one degree, one tone, one musical interval",jlpt-n4 jlpt-n4
場合,"case, situation",場合[ばあい],"Adverbial noun, Noun",,jlpt-n4 jlpt-n4
運ぶ,"to carry, to transport, to move, to convey",運[はこ]ぶ,"Godan verb with bu ending, Transitive verb","to come, to go; to wield (a tool, etc.), to use; to go (well, etc.), to proceed, to progress",jlpt-n4 jlpt-n4
今夜,"this evening, tonight",今夜[こんや],"Adverbial noun, Temporal noun",,jlpt-n4 jlpt-n4
盗む,to steal,盗[ぬす]む,"Godan verb with mu ending, Transitive verb",,jlpt-n4 jlpt-n4
習慣,habit,習慣[しゅうかん],"Noun, No-adjective","custom, cultural practice",jlpt-n4 jlpt-n4
大抵,"mostly, ordinarily, usually, generally",大抵[たいてい],"Na-adjective, Adverb, Noun","probably; most, almost all; ordinary; proper, appropriate, moderate",jlpt-n4 jlpt-n3 jlpt-n4 jlpt-n3
残る,"to remain, to be left",残[のこ]る,"Godan verb with ru ending, intransitive verb",,jlpt-n4
上がる,"to rise, to go up, to come up, to ascend, to be raised",上[あ]がる,"Godan verb with ru ending, intransitive verb","to enter (esp. from outdoors), to come in, to go in; to enter (a school), to advance to the next grade; to get out (of water), to come ashore; to increase; to improve, to make progress; to be promoted, to advance; to be made (of profit, etc.); to occur (esp. of a favourable result); to be adequate (to cover expenses, etc.); to be finished, to be done, to be over; (of rain) to stop, to lift; to stop (working properly), to cut out, to give out, to die; to win (in a card game, etc.); to be arrested; to turn up (of evidence, etc.); to be deep fried; to be spoken loudly; to get stage fright; to be offered (to the gods, etc.); to go, to visit; to eat, to drink; to be listed (as a candidate); to serve (in one's master's home); to go north; to be complete, to finish",jlpt-n4 jlpt-n1
席,seat,席[せき],Noun,"location (of a gathering, etc.), place; position, post",jlpt-n4 jlpt-n4
値段,"price, cost",値段[ねだん],Noun,,jlpt-n4 jlpt-n3 jlpt-n4 jlpt-n3
将来,"future (usually near), prospects",将来[しょうらい],"Adverbial noun, Temporal noun",,jlpt-n4 jlpt-n4
優しい,"tender, kind, gentle, graceful, affectionate, amiable",優[やさ]しい,I-adjective,,jlpt-n4 jlpt-n4
致す,to do,致[いた]す,"Godan verb with su ending, Transitive verb",,jlpt-n4 jlpt-n4
逃げる,"to escape, to run away",逃[に]げる,"Ichidan verb, intransitive verb",,jlpt-n4 jlpt-n4
空気,"air, atmosphere",空気[くうき],Noun,"mood, situation; someone with no presence, someone who doesn't stand out at all",jlpt-n4 jlpt-n4
役に立つ,"to be helpful, to be useful",役[やく]に 立[た]つ,"Expression, Godan verb with tsu ending",,jlpt-n4 jlpt-n4
答え,"answer, reply, response, solution",答[こた]え,Noun,,jlpt-n4 jlpt-n1
予約,"reservation, appointment, booking, advance order",予約[よやく],"Noun, Suru verb","contract, subscription, pledge; programming (e.g. a device), setting (e.g. a timer)",jlpt-n4 jlpt-n4
機会,"chance, opportunity",機会[きかい],Noun,,jlpt-n4 jlpt-n4
原因,"cause, origin, source",原因[げんいん],"Noun, Suru verb",,jlpt-n4 jlpt-n4
火事,"fire, conflagration",火事[かじ],Noun,,jlpt-n4 jlpt-n4
泥棒,"thief, burglar, robber",泥棒[どろぼう],Noun,"theft, burglary, robbery",jlpt-n4 jlpt-n4
髪,hair (on the head),髪[かみ],Noun,,jlpt-n4 jlpt-n4
規則,"rule, regulation",規則[きそく],Noun,,jlpt-n4 jlpt-n4
行う,"to perform, to do, to conduct oneself, to carry out",行[おこな]う,"Godan verb with u ending, Transitive verb",,jlpt-n4 jlpt-n4
代わり,"substitute, replacement, substituting, replacing",代[か]わり,"Noun, No-adjective","stand-in, proxy, alternate, deputy, relief, successor; compensation, exchange, return; another helping, second helping, seconds, refill; upcoming program, upcoming programme",jlpt-n4 jlpt-n4
見つかる,"to be found, to be discovered",見[み]つかる,"Godan verb with ru ending, intransitive verb",,jlpt-n4 jlpt-n2 jlpt-n4 jlpt-n2
打つ,"to hit, to strike, to knock, to beat, to punch, to slap, to tap, to bang, to clap, to pound",打[う]つ,"Godan verb with tsu ending, Transitive verb","to strike (noon, etc.), to sound (cymbals, etc.), to beat (a drum, etc.); to beat (rhythmically, e.g. pulse, waves, etc.); to move, to impress, to touch; to drive in, to hammer in, to put in, to inject; to type, to send, to transmit; to insert, to write in, to mark; to make (noodles, etc.), to prepare; to till (soil); to sprinkle, to throw, to cast; to do, to carry out, to play, to perform, to engage in (gambling, etc.); to pay (a deposit, etc.); to visit (on a pilgrimage); to line (a coat); to bind (a criminal)",jlpt-n4 jlpt-n4
厳しい,"severe, strict, rigid, unsparing, relentless",厳[きび]しい,I-adjective,"intense (e.g. cold), harsh, tough",jlpt-n4 jlpt-n4
増える,"to increase, to multiply",増[ふ]える,"Ichidan verb, intransitive verb",,jlpt-n4 jlpt-n2 jlpt-n4 jlpt-n2
迎える,to go out to meet,迎[むか]える,"Ichidan verb, Transitive verb","to receive, to welcome, to greet, to salute, to hail, to reach, to approach, to enter (a phase, era, etc.); to accept (e.g. as a member of a group or family); to call for, to summon, to invite; to approach (a certain time, a point in one's life, etc.)",jlpt-n4 jlpt-n4
怖い,"scary, frightening, eerie, dreadful",怖[こわ]い,I-adjective,,jlpt-n4 jlpt-n4
社長,"company president, manager, director",社長[しゃちょう],Noun,,jlpt-n4 jlpt-n4
紹介,"introduction, presentation, referral, listing",紹介[しょうかい],"Noun, Suru verb, No-adjective",,jlpt-n4 jlpt-n4
集める,"to collect, to assemble, to gather",集[あつ]める,"Ichidan verb, Transitive verb",,jlpt-n4 jlpt-n4
星,"star (except for the Sun), planet (except for Earth), heavenly body (except for the Sun, Earth and the Moon)",星[ほし],Noun,"star (glyph, symbol, shape); star (actor, player, etc.); small dot, spot, fleck; star point (in go), hoshi, intersection marked with a dot; perp, perpetrator, mark, offender, suspect; bullseye; one's star (that determines one's fate), one's fortune; point, score",jlpt-n4 jlpt-n4
事務所,office,事務所[じむしょ],Noun,,jlpt-n4 jlpt-n4
特に,"particularly, especially, in particular, expressly",特[とく]に,Adverb,,jlpt-n4 jlpt-n4
集まる,"to gather, to collect, to assemble",集[あつ]まる,"Godan verb with ru ending, intransitive verb",,jlpt-n4 jlpt-n1
比べる,"to compare, to make a comparison",比[くら]べる,"Ichidan verb, Transitive verb","to compete, to vie",jlpt-n4 jlpt-n4
無理,"unreasonable, unnatural, unjustifiable",無理[むり],"Na-adjective, Noun","impossible; forcible, forced, compulsory; excessive (work, etc.), immoderate; to work too hard, to try too hard; no way, not a chance, never, dream on; irrational",jlpt-n4 jlpt-n4
用意,"preparation, arrangements, provision, getting ready, laying out (e.g. a meal)",用意[ようい],"Noun, Suru verb",,jlpt-n4 jlpt-n4
落とす,"to drop, to lose, to let fall, to shed (light), to cast (one's gaze), to pour in (liquid), to leave behind",落[お]とす,"Godan verb with su ending, Transitive verb","to clean off (dirt, makeup, paint, etc.), to remove (e.g. stains or facial hair), to lose, to spend money at a certain place, to omit, to leave out, to secretly let escape; to lose (a match), to reject (an applicant), to fail (a course), to defeat (in an election); to lower (e.g. shoulders or voice), to lessen (e.g. production or body weight), to worsen (quality), to reduce (e.g. rank or popularity), to speak badly of, to make light of, to fall into straitened circumstances; to fall into (e.g. a dilemma or sin), to make one's own, to have one's bid accepted, to force surrender, to take (e.g. an enemy camp or castle), to forcefully convince, to press for a confession, to deal with; to download, to copy from a computer to another medium; to make someone swoon (judo); to finish a story (e.g. with the punch line); to finish (a period, e.g. of fasting)",jlpt-n4 jlpt-n1 jlpt-n4 jlpt-n1
壊れる,"to be broken, to break",壊[こわ]れる,"Ichidan verb, intransitive verb","to fall through, to come to nothing",jlpt-n4 jlpt-n4
具合,"condition, state",具合[ぐあい],Noun,"health, state (of health); way, manner; circumstance, luck; face, dignity, decency, propriety",jlpt-n4 jlpt-n4
倒れる,"to fall (over, down), to collapse, to take a fall, to topple",倒[たお]れる,"Ichidan verb, intransitive verb","to be destroyed (in a collapse), to collapse, to cave in, to crumble, to give away; to be confined to bed (with an illness), to come down with, to break down (e.g. from overwork); to die, to be killed; to go bankrupt (of a company, bank, etc.), to fail, to collapse, to go under; to be defeated (in a game), to lose; to fall (of a government, dictator, etc.), to be overthrown",jlpt-n4 jlpt-n4
味,"flavor, flavour, taste",味[あじ],Noun,"charm, style; experience; smart, clever, witty, strange",jlpt-n4 jlpt-n4
安全,"safety, security",安全[あんぜん],"Noun, Na-adjective",,jlpt-n4 jlpt-n4
変,"strange, odd, peculiar, weird, curious, queer, eccentric, funny, suspicious, fishy",変[へん],"Na-adjective, Noun","unexpected; change; incident, disturbance, disaster, accident; flat",jlpt-n4 jlpt-n4
祖母,grandmother,祖母[そぼ],"Noun, No-adjective",,jlpt-n4 jlpt-n4
連絡,"to contact, to get in touch",連絡[れんらく],"Suru verb, No-adjective","contacting, getting in touch, communication, call, message; connection, coordination, junction; intercalary, intercalaris, internuncial",jlpt-n4 jlpt-n4
大事,"important, serious, crucial",大事[だいじ],Na-adjective,"valuable, precious; serious matter, major incident, matter of grave concern, crisis; great undertaking, great enterprise, great thing; safe, OK",jlpt-n4 jlpt-n1 jlpt-n4 jlpt-n1
下がる,"to come down, to go down, to fall, to drop, to sink, to get lower",下[さ]がる,"Godan verb with ru ending, intransitive verb","to hang, to dangle; to move back, to step back, to withdraw, to retire; to deteriorate, to fall off, to be downgraded; to get closer to the present day; to go south",jlpt-n4 jlpt-n1
壊す,"to break, to destroy, to demolish",壊[こわ]す,"Godan verb with su ending, Transitive verb","to wreck, to ruin, to spoil, to damage; to break (a bill, etc.)",jlpt-n4 jlpt-n4
決まる,"to be decided, to be settled",決[き]まる,"Godan verb with ru ending, intransitive verb",to look good in (clothes),jlpt-n4 jlpt-n1 jlpt-n4 jlpt-n1
汽車,train (esp. long distance train),汽車[きしゃ],Noun,steam train,jlpt-n4
確か,"sure, certain, positive, definite",確[たし]か,"Na-adjective, Noun","reliable, trustworthy, safe, sound, firm, accurate, correct, exact; If I'm not mistaken, If I remember correctly, If I remember rightly",jlpt-n4 jlpt-n4
楽しみ,"enjoyment, pleasure, diversion, amusement, hobby",楽[たの]しみ,"Na-adjective, Noun","anticipation, looking forward to",jlpt-n4 jlpt-n4
可笑しい,"funny, amusing, comical, laughable, ridiculous",可笑[おか]しい,I-adjective,"strange, odd, funny, peculiar, weird, unusual, eccentric; improper, unsuitable, unbecoming; suspicious",jlpt-n4 jlpt-n1
隅,"corner, nook, recess",隅[すみ],"Noun, Noun - used as a suffix",downstage right (on a noh stage),jlpt-n4 jlpt-n4
競争,"competition, contest, rivalry, race",競争[きょうそう],"Noun, Suru verb",competition (between organisms or species),jlpt-n4 jlpt-n4
入院,"hospitalization, hospitalisation",入院[にゅういん],"Noun, Suru verb",,jlpt-n4 jlpt-n4
形,"form, shape, figure",形[かたち],Noun,visage,jlpt-n4 jlpt-n3 jlpt-n4 jlpt-n3
仕方,"way, method, means, resource, course",仕方[しかた],Noun,,jlpt-n4 jlpt-n4
留守,"absence, being away from home",留守[るす],"Noun, Suru verb, No-adjective","house-sitting, house-sitter; being left unattended to (of one's studies, etc.), neglecting",jlpt-n4 jlpt-n4
景色,"scenery, scene, landscape",景色[けしき],"Noun, No-adjective",,jlpt-n4 jlpt-n4
首,neck,首[くび],Noun,"head; dismissal, discharge, firing (from a job)",jlpt-n4 jlpt-n4
君,"you, buddy, pal",君[きみ],Pronoun,"monarch, ruler, sovereign, (one's) master",jlpt-n4 jlpt-n4
血,"blood, consanguinity",血[ち],Noun,,jlpt-n4 jlpt-n4
以内,"within, inside of, less than",以内[いない],"Noun, Noun - used as a suffix",,jlpt-n4 jlpt-n4
例えば,"for example, for instance, e.g.",例[たと]えば,Adverb,,jlpt-n4 jlpt-n4
別れる,"to part (usu. of people), to part from, to part with, to be apart from",別[わか]れる,"Ichidan verb, intransitive verb","to separate (of a couple), to break up, to divorce; to lose (e.g. one's mother), to be bereaved",jlpt-n4 jlpt-n4
棚,"shelf, shelves, ledge, rack",棚[たな],Noun,trellis,jlpt-n4 jlpt-n4
引っ越す,"to move (house), to change residence",引[ひ]っ 越[こ]す,"Godan verb with su ending, intransitive verb",,jlpt-n4 jlpt-n4
申し上げる,"to say, to tell, to state, to express, to offer, to extend (greetings, congratulations, etc.)",申[もう]し 上[あ]げる,"Ichidan verb, Transitive verb",to do,jlpt-n4 jlpt-n4
複雑,"complex, complicated, intricate, mixed (feelings)",複雑[ふくざつ],"Na-adjective, Noun",,jlpt-n4 jlpt-n4
品物,"goods, article, thing",品物[しなもの],Noun,,jlpt-n4 jlpt-n4
技術,"technology, engineering",技術[ぎじゅつ],Noun,"technique, skill; art, craft",jlpt-n4 jlpt-n4
ご存じ,knowing,ご 存[ぞん]じ,Noun,(an) acquaintance,jlpt-n4 jlpt-n4
草,"grass, weed, herb, thatch",草[くさ],Noun,"ninja; not genuine, substandard; laughter, LOL",jlpt-n4 jlpt-n4
以下,"not exceeding, and downward, ... and below",以下[いか],Noun,"below (e.g. standard), under (e.g. a level); the below-mentioned, the following, the rest",jlpt-n4 jlpt-n4
倍,"twice, double",倍[ばい],Noun,"times, -fold",jlpt-n4 jlpt-n4
両方,"both, both sides, both parties",両方[りょうほう],"Noun, No-adjective",,jlpt-n4 jlpt-n4
港,"harbour, harbor, port",港[みなと],Noun,,jlpt-n4 jlpt-n4
安心,"relief, peace of mind",安心[あんしん],"Na-adjective, Noun, Suru verb",,jlpt-n4 jlpt-n4
大体,"outline, main point, gist",大体[だいたい],Noun,"general, substantially, approximately, about; in the first place, to begin with, from the start",jlpt-n4 jlpt-n4
線,"line, stripe, stria",線[せん],"Noun, Noun - used as a suffix","line (e.g. telephone line), wire; ray (e.g. X-ray), beam; line (e.g. of a railroad), track, route, lane; outline, contours, form; level; division; line (of action), position, approach, policy, principle; impression one leaves, air one gives off",jlpt-n4 jlpt-n4
下げる,"to hang, to suspend, to wear (e.g. decoration)",下[さ]げる,"Ichidan verb, Transitive verb","to lower, to reduce, to bring down; to demote, to move back, to pull back; to clear (plates), to remove (food, etc. from table or altar)",jlpt-n4 jlpt-n4
虫,"insect, bug, cricket, moth, worm",虫[むし],Noun,,jlpt-n4 jlpt-n4
小鳥,"small bird, little bird",小鳥[ことり],Noun,,jlpt-n4 jlpt-n4
高校生,senior high school student,高校生[こうこうせい],Noun,,jlpt-n4 jlpt-n4
乗り換える,"to transfer (trains), to change (bus, train)",乗[の]り 換[か]える,"Ichidan verb, Transitive verb","to change one's mind, to move on to (e.g. a new love interest), to change methods, to change one's way of thinking",jlpt-n4 jlpt-n4
枝,"branch, bow, bough, twig, limb",枝[えだ],Noun,,jlpt-n4 jlpt-n4
寺,temple (Buddhist),寺[てら],Noun,,jlpt-n4 jlpt-n4
着物,"clothing, clothes",着物[きもの],Noun,kimono (or other trad. Japanese clothing),jlpt-n4 jlpt-n4
通う,"to go to and from (a place), to go back and forth between, to run between (e.g. bus, train, etc.), to ply between",通[かよ]う,"Godan verb with u ending, intransitive verb","to go to (school, work, etc.), to attend, to commute, to frequent; to circulate (e.g. blood, electricity), to be communicated (e.g. thought); to resemble",jlpt-n4 jlpt-n4
店員,"employee (of a store), shop assistant, clerk, salesperson",店員[てんいん],Noun,,jlpt-n4 jlpt-n4
帰り,"return, coming back",帰[かえ]り,Noun,,jlpt-n4 jlpt-n4
終わり,the end,終[お]わり,Noun,,jlpt-n4 jlpt-n4
騒ぐ,"to make noise, to make racket, to be noisy",騒[さわ]ぐ,"Godan verb with gu ending, intransitive verb","to rustle, to swoosh; to make merry; to clamor, to clamour, to make a fuss, to kick up a fuss; to lose one's cool, to panic, to act flustered; to feel tense, to be uneasy, to be excited",jlpt-n4 jlpt-n4
柔らかい,"soft, tender, pliant, supple, limber, limp",柔[やわ]らかい,I-adjective,"gentle, mild, mellow; informal, light, flexible (e.g. thinking)",jlpt-n4 jlpt-n2 jlpt-n4 jlpt-n2
丁寧,"polite, courteous, civil",丁寧[ていねい],"Na-adjective, Noun","careful, close, thorough, conscientious",jlpt-n4 jlpt-n4
踏む,"to step on, to tread on, to trample on",踏[ふ]む,"Godan verb with mu ending, Transitive verb","to set foot on (e.g. foreign soil), to stand on, to visit; to experience, to undergo; to follow (rules, principles, etc.), to go through (e.g. formalities), to complete; to estimate, to guess, to judge, to value, to appraise; to rhyme; to succeed to (e.g. the throne)",jlpt-n4 jlpt-n4
真ん中,"middle, centre, center, midpoint, heart",真[ま]ん 中[なか],Noun,,jlpt-n4 jlpt-n1
冷える,"to grow cold (from room temperature, e.g. in refrigerator), to get chilly, to cool down",冷[ひ]える,"Ichidan verb, intransitive verb",,jlpt-n4 jlpt-n4
裏,"opposite side, bottom, other side, side hidden from view, undersurface, reverse side",裏[うら],Noun,"rear, back, behind; lining, inside; in the shadows, behind the scenes, offstage, behind one's back; more (to something than meets the eye), hidden side (e.g. of one's personality), unknown circumstances, different side; proof; opposite (of a prediction, common sense, etc.), contrary; inverse (of a hypothesis, etc.); bottom (of an inning), last half (of an inning)",jlpt-n4 jlpt-n4
飾る,"to decorate, to ornament, to adorn",飾[かざ]る,"Godan verb with ru ending, Transitive verb",,jlpt-n4 jlpt-n4
遠慮,"reserve, constraint, restraint, modesty, diffidence, hesitation, holding back, discretion, tact, thoughtfulness",遠慮[えんりょ],"Noun, Suru verb","declining, refraining; forethought, foresight",jlpt-n4 jlpt-n3 jlpt-n4 jlpt-n3
表,surface,表[おもて],Noun,"""face (i.e. the visible side of an object); front (of a building, etc.), obverse side (i.e. """"head"""") of a coin; outside, exterior; appearance; public; first half (of an inning), top (of an inning); cover (for tatami mats, etc.); foreground""",jlpt-n4 jlpt-n4
都合,"circumstances, condition, convenience",都合[つごう],"Adverb, Noun","to arrange, to manage; to lend money, to raise money; in all, in total, all told",jlpt-n4 jlpt-n4
暮れる,"to get dark, to grow dark",暮[く]れる,"Ichidan verb, intransitive verb","to end (of a day, year, season, etc.), to come to an end, to close; to be sunk in (e.g. despair), to be lost in (e.g. thought), to be overcome with",jlpt-n4 jlpt-n4
部長,"head (chief, director) of a section or department",部長[ぶちょう],Noun,"head of a (school) club, head of a (school) team",jlpt-n4 jlpt-n4
昼間,"daytime, during the day, time from sunrise until sunset, diurnal period",昼間[ひるま],"Adverbial noun, Temporal noun",,jlpt-n4 jlpt-n1 jlpt-n4 jlpt-n1
引き出し,drawer,引[ひ]き 出[だ]し,Noun,withdrawal (of money from an account); variety of knowledge and experience useful for handling things impromptu,jlpt-n4 jlpt-n4
急,"sudden, abrupt, unexpected",急[きゅう],Na-adjective,"urgent, pressing; steep, sharp, precipitous; rapid, swift, fast; emergency, crisis, danger; urgency, hurrying, haste; (in gagaku or noh) end of a song",jlpt-n4 jlpt-n4
会場,"assembly hall, meeting place, venue, grounds",会場[かいじょう],Noun,,jlpt-n4 jlpt-n4
地理,geography,地理[ちり],Noun,,jlpt-n4 jlpt-n4
電灯,electric light,電灯[でんとう],Noun,,jlpt-n4 jlpt-n4
急行,"hurrying (to somewhere), rushing, hastening",急行[きゅうこう],"Noun, Suru verb, No-adjective",express (train),jlpt-n4 jlpt-n4
又は,"or, otherwise",又[また]は,"Conjunction, Expression",,jlpt-n4 jlpt-n2
踊り,dance,踊[おど]り,Noun,,jlpt-n4 jlpt-n4
細かい,small,細[こま]かい,I-adjective,"fine, minute; minor, trivial; sensitive, attentive",jlpt-n4 jlpt-n4
適当,"suitable, proper, appropriate, adequate, fit, fair",適当[てきとう],"Na-adjective, Noun","perfunctory, half-minded, sloppy, lazy, careless, noncommittal, unreliable, irresponsible",jlpt-n4 jlpt-n4
課長,"section manager, section chief",課長[かちょう],Noun,,jlpt-n4 jlpt-n4
盛ん,popular,盛[さか]ん,Na-adjective,"prosperous; enthusiastic; energetic, vigorous",jlpt-n4 jlpt-n4
割合,"rate, ratio, percentage, proportion",割合[わりあい],"Adverb, Noun",comparatively; contrary to expectations,jlpt-n4 jlpt-n4
暖房,(indoor) heating,暖房[だんぼう],"Noun, Suru verb",,jlpt-n4 jlpt-n4
引き出す,"to pull out, to take out, to draw out, to withdraw",引[ひ]き 出[だ]す,"Godan verb with su ending, Transitive verb",,jlpt-n4 jlpt-n2 jlpt-n4 jlpt-n2
申す,"to say, to be called",申[もう]す,"Godan verb with su ending, Transitive verb",to do,jlpt-n4 jlpt-n4
退院,"leaving hospital, discharge from hospital",退院[たいいん],"Noun, Suru verb",,jlpt-n4 jlpt-n2 jlpt-n4 jlpt-n2
売り場,"selling area, counter, section, department, sales floor",売[う]り 場[ば],Noun,"favorable time to sell, good time to sell",jlpt-n4 jlpt-n4
受付,"reception (desk), information desk",受付[うけつけ],Noun,"receipt, acceptance",jlpt-n4 jlpt-n4
講堂,"auditorium, lecture hall",講堂[こうどう],Noun,,jlpt-n4 jlpt-n4
不便,"inconvenience, inexpediency, unhandiness",不便[ふべん],"Na-adjective, Noun",,jlpt-n4 jlpt-n4
苦い,bitter,苦[にが]い,I-adjective,,jlpt-n4 jlpt-n4
下宿,"boarding, lodging, board and lodging, room and board",下宿[げしゅく],"Noun, Suru verb","boarding house, lodging house, lodgings",jlpt-n4 jlpt-n4
食料品,"foodstuff, groceries",食料品[しょくりょうひん],Noun,,jlpt-n4
新聞社,newspaper company,新聞社[しんぶんしゃ],Noun,,jlpt-n4 jlpt-n4
写す,"to transcribe, to duplicate, to reproduce, to imitate, to trace",写[うつ]す,"Godan verb with su ending, Transitive verb","to describe; to film, to picture, to photograph",jlpt-n4 jlpt-n4
湯,hot water,湯[ゆ],Noun,"hot bath, hot spring; molten iron",jlpt-n4 jlpt-n4
工業,(manufacturing) industry,工業[こうぎょう],Noun,,jlpt-n4 jlpt-n4
冷房,"cooling, air-conditioning",冷房[れいぼう],"Noun, Suru verb",,jlpt-n4 jlpt-n4
下着,underwear,下着[したぎ],Noun,,jlpt-n4 jlpt-n4
畳,"tatami mat, Japanese straw floor coverings",畳[たたみ],Noun,,jlpt-n4 jlpt-n4
沸かす,"to boil, to heat",沸[わ]かす,"Godan verb with su ending, Transitive verb",to excite; to melt (metal),jlpt-n4 jlpt-n4
お嬢さん,(another's) daughter,お 嬢[じょう]さん,Noun,young lady,jlpt-n4 jlpt-n4
特急,"limited express (train, faster than an express)",特急[とっきゅう],Noun,great hurry,jlpt-n4 jlpt-n4
漬ける,"to soak (in), to steep, to dip, to dunk",漬[つ]ける,"Ichidan verb, Transitive verb","to pickle, to preserve (in salt, vinegar, etc.)",jlpt-n4 jlpt-n2 jlpt-n4 jlpt-n2
呉れる,"to give, to let one have, to do for one, to be given",呉[く]れる,"Ichidan verb (kureru special class), Transitive verb, Auxiliary verb",,jlpt-n4 jlpt-n1
過ぎる,"to pass through, to pass by, to go beyond",過[す]ぎる,"Ichidan verb, intransitive verb","to pass (i.e. of time), to elapse; to have expired, to have ended, to be over; to exceed, to surpass, to be above; to be no more than ...; to be excessive, to be too much, to be too ...",jlpt-n4 jlpt-n4
積もり,"intention, plan",積[つ]もり,Noun,"conviction, belief",jlpt-n4 jlpt-n1
殆ど,"mostly, nearly, practically, well-nigh, almost invariably, all but, just about, almost",殆[ほとん]ど,"Adverbial noun, Temporal noun",,jlpt-n4 jlpt-n1
止める,"to stop, to turn off",止[と]める,"Ichidan verb, Transitive verb","to park; to prevent, to suppress (a cough), to hold back (tears), to hold (one's breath), to relieve (pain); to stop (someone from doing something), to dissuade, to forbid, to prohibit; to notice, to be aware of, to concentrate on, to pay attention to, to remember, to bear in mind; to fix (in place), to fasten, to tack, to pin, to nail, to button, to staple; to detain, to keep in custody",jlpt-n4 jlpt-n3 jlpt-n4 jlpt-n3
酷い,"cruel, heartless, hard, harsh, severe",酷[ひど]い,I-adjective,"violent, intense, strong, heavy, extreme; very bad, terrible, awful; excessive, exorbitant, unreasonable, outrageous, unfair, unjust",jlpt-n4 jlpt-n1
遅れる,"to be late, to be delayed, to fall behind schedule, to be overdue",遅[おく]れる,"Ichidan verb, intransitive verb",,jlpt-n4 jlpt-n4
続ける,"to continue, to keep up, to keep on",続[つづ]ける,"Ichidan verb, Transitive verb, Auxiliary verb",,jlpt-n4 jlpt-n4
手伝う,"to help, to assist, to aid",手伝[てつだ]う,"Godan verb with u ending, Transitive verb","to contribute to, to be a factor in",jlpt-n4 jlpt-n4
見付ける,"to discover, to find (e.g. an error in a book), to come across, to detect, to spot",見付[みつ]ける,"Ichidan verb, Transitive verb","to locate, to find (e.g. something missing), to find fault; to be used to seeing, to be familiar with",jlpt-n4 jlpt-n2
驚く,"to be surprised, to be astonished",驚[おどろ]く,"Godan verb with ku ending, intransitive verb",,jlpt-n4 jlpt-n4
眠る,to sleep (not necessarily lying down),眠[ねむ]る,"Godan verb with ru ending, intransitive verb","to die; to lie idle (e.g. of resources), to be dormant, to be unused; to close one's eyes",jlpt-n4 jlpt-n4
勝つ,"to win, to gain victory",勝[か]つ,"Godan verb with tsu ending, intransitive verb",,jlpt-n4 jlpt-n4
聞こえる,"to be heard, to be audible",聞[き]こえる,"Ichidan verb, intransitive verb","to be said to be, to be reputed",jlpt-n4 jlpt-n4
尋ねる,"to ask, to enquire, to inquire",尋[たず]ねる,"Ichidan verb, Transitive verb","to search, to look for, to look into, to investigate",jlpt-n4 jlpt-n4
慣れる,"to get used to, to grow accustomed to, to become familiar with",慣[な]れる,"Ichidan verb, intransitive verb","to become skilled in, to become experienced at; to become tame, to become domesticated; to get used to doing",jlpt-n4 jlpt-n2 jlpt-n4 jlpt-n2
泣く,"to cry, to weep, to sob, to howl",泣[な]く,Godan verb with ku ending,,jlpt-n4 jlpt-n4
似る,"to resemble, to look like, to take after",似[に]る,"Ichidan verb, intransitive verb","to be similar (in status, condition, etc.), to be close, to be alike, to be like",jlpt-n4 jlpt-n4
屹度,"surely, undoubtedly, almost certainly, most likely (e.g. 90 percent)",屹度[きっと],Adverb,"sternly, severely; having no slack, rigid, stiff, tight; suddenly, abruptly, instantly",jlpt-n4 jlpt-n1
戻る,to turn back (e.g. half-way),戻[もど]る,"Godan verb with ru ending, intransitive verb","to return, to go back; to recover (e.g. something lost), to be returned; to rebound, to spring back",jlpt-n4 jlpt-n4
調べる,"to examine, to look up, to investigate, to check up, to sense, to study, to inquire, to search",調[しら]べる,"Ichidan verb, Transitive verb",,jlpt-n4 jlpt-n4
伝える,"to convey, to report, to transmit, to communicate, to tell, to impart, to propagate, to teach, to bequeath",伝[つた]える,"Ichidan verb, Transitive verb",,jlpt-n4 jlpt-n4
筈,"expectation that something took place, will take place or was in some state, it should be so, bound to be, expected to be, must be",筈[はず],Noun,nock (of a bow); nock (of an arrow); nock-shaped grip (between thumb and forefinger); wooden frame on the tip of the mast of a Japanese ship that prevents the hawser from falling out,jlpt-n4 jlpt-n1
無くなる,"to be lost (e.g. luggage), to be missing",無[な]くなる,"Godan verb with ru ending, intransitive verb","to be used up, to be run out, to be exhausted, to be consumed, to be reduced to zero, to not occur any more; to disappear (e.g. pain), to be lost (e.g. a dream, confidence)",jlpt-n4 jlpt-n4
動く,"to move, to stir, to shift, to shake, to swing",動[うご]く,"Godan verb with ku ending, intransitive verb","to operate, to run, to go, to work; to be touched, to be influenced; to change, to vary, to fluctuate, to waver; to be transferred",jlpt-n4 jlpt-n4
知らせる,"to notify, to advise, to inform",知[し]らせる,"Ichidan verb, Transitive verb",,jlpt-n4 jlpt-n4
続く,"to continue, to last, to go on",続[つづ]く,"Godan verb with ku ending, intransitive verb","to continue (without a break), to be unbroken; to occur again and again; to lead to, to connect to, to adjoin; to come after, to follow, to succeed, to rank next to; to hold out, to keep, to last",jlpt-n4 jlpt-n4
別,"distinction, difference, discrimination",別[べつ],Noun,"separate, different, another, extra; exception, exclusion; classified by, ranked by, according to",jlpt-n4 jlpt-n4
鳴る,"to sound, to ring, to resound, to echo, to roar, to rumble",鳴[な]る,"Godan verb with ru ending, intransitive verb",,jlpt-n4 jlpt-n4
市,city,市[し],"Noun, Noun - used as a suffix",,jlpt-n4 jlpt-n4
負ける,"to lose, to be defeated",負[ま]ける,"Ichidan verb, intransitive verb","to succumb, to give in, to surrender, to yield; to be inferior to; to break out in a rash due to (e.g. lacquer, shaving, etc.); to reduce the price, to give a discount, to throw in (something extra) for free",jlpt-n4 jlpt-n4
悲しい,"sad, miserable, unhappy, sorrowful",悲[かな]しい,I-adjective,"sad, lamentable, deplorable, grievous",jlpt-n4 jlpt-n4
亡くなる,to die,亡[な]くなる,"Godan verb with ru ending, intransitive verb",,jlpt-n4 jlpt-n4
以外,"with the exception of, excepting",以外[いがい],Adverbial noun,,jlpt-n4 jlpt-n4
治す,"to cure, to heal",治[なお]す,"Godan verb with su ending, Transitive verb","to fix, to correct, to repair; to do over again; to replace, to put back as it was; to convert (into a different state), to transform",jlpt-n4 jlpt-n2
暫く,"for a moment, for a minute",暫[しばら]く,"Adverb, Suru verb","for a while, for some time; for the time being, for now; it's been a long time, long time no see",jlpt-n4 jlpt-n1
回る,"to turn, to revolve",回[まわ]る,"Godan verb with ru ending, intransitive verb",to visit several places; to function well; to pass a certain time,jlpt-n4 jlpt-n4
間違える,"to make a mistake (in), to commit an error (e.g. in calculation)",間違[まちが]える,"Ichidan verb, Transitive verb","to confuse, to mistake something for something else",jlpt-n4 jlpt-n4
捨てる,"to throw away, to cast away, to dump, to discard",捨[す]てる,"Ichidan verb, Transitive verb","to abandon, to desert, to leave; to give up, to resign",jlpt-n4 jlpt-n2 jlpt-n4 jlpt-n2
確り,"tightly (holding on), firmly, securely",確[しっか]り,"Adverb, Adverb taking the 'to' particle, Suru verb","strongly (built), solidly, sturdily, steadily; properly, well, sufficiently, hard (working, etc.), fully, completely; reliably, dependably, levelheadedly, shrewdly, wisely, cleverly",jlpt-n4 jlpt-n1
育てる,"to raise, to rear, to bring up",育[そだ]てる,"Ichidan verb, Transitive verb","to train, to teach, to educate; to promote the growth of, to nurture, to foster, to develop",jlpt-n4 jlpt-n4
褒める,"to praise, to admire, to speak well of someone",褒[ほ]める,"Ichidan verb, Transitive verb",,jlpt-n4 jlpt-n3 jlpt-n4 jlpt-n3
石,stone,石[いし],Noun,"gem, jewel",jlpt-n4 jlpt-n4
恥ずかしい,"embarrassing, embarrassed, ashamed, humiliated, shy",恥[は]ずかしい,I-adjective,"disgraceful, shameful",jlpt-n4 jlpt-n4
塗る,"to paint, to plaster, to lacquer, to varnish, to spread, to smear, to put up (wallpaper)",塗[ぬ]る,"Godan verb with ru ending, Transitive verb",,jlpt-n4 jlpt-n4
泊まる,to stay at (e.g. hotel),泊[と]まる,"Godan verb with ru ending, intransitive verb","to be docked, to be berthed, to be moored",jlpt-n4 jlpt-n4
片付ける,"to tidy up, to put in order, to straighten up, to put away",片付[かたづ]ける,"Ichidan verb, Transitive verb","to settle (problem), to clear (dispute); to finish, to bring something to an end; to marry off (e.g. a daughter); to do away with someone, to bump someone off",jlpt-n4 jlpt-n4
止む,"to cease, to stop, to be over",止[や]む,"Godan verb with mu ending, intransitive verb",,jlpt-n4 jlpt-n4
遠く,"far away, distant, at a distance, distant place, by far",遠[とお]く,"No-adjective, Adverbial noun, Noun",,jlpt-n4 jlpt-n4
済む,"to finish, to end, to be completed",済[す]む,"Godan verb with mu ending, intransitive verb","to merely result in something less severe than expected; to feel at ease; to feel unease or guilt for troubling someone, to be sorry",jlpt-n4 jlpt-n4
到頭,"finally, at last, ultimately, in the end",到頭[とうとう],Adverb,,jlpt-n4
捕まえる,"to catch, to arrest, to seize",捕[つか]まえる,"Ichidan verb, Transitive verb",,jlpt-n4 jlpt-n4
踊る,to dance (orig. a hopping dance),踊[おど]る,"Godan verb with ru ending, intransitive verb",,jlpt-n4 jlpt-n4
足りる,"to be sufficient, to be enough",足[た]りる,"Ichidan verb, intransitive verb","to be worth doing, to be worthy of, to deserve; to do (the job), to serve, to answer",jlpt-n4 jlpt-n4
治る,"to be cured, to get well, to be healed",治[なお]る,"Godan verb with ru ending, intransitive verb","to get mended, to be repaired, to be fixed",jlpt-n4 jlpt-n4
為さる,to do,為[な]さる,"Godan verb - aru special class, Transitive verb",,jlpt-n4 jlpt-n1
硬い,"hard, solid, tough",硬[かた]い,I-adjective,"stiff, tight, wooden, unpolished (e.g. writing); strong, firm (not viscous or easily moved); safe, steady, honest, steadfast; obstinate, stubborn; bookish, formal, stuffy",jlpt-n4 jlpt-n3 jlpt-n2 jlpt-n4 jlpt-n3 jlpt-n2
建てる,"to build, to construct",建[た]てる,"Ichidan verb, Transitive verb",,jlpt-n4 jlpt-n4
凄い,"terrible, dreadful",凄[すご]い,I-adjective,"amazing (e.g. of strength), great (e.g. of skills), wonderful, terrific; to a great extent, vast (in numbers)",jlpt-n4 jlpt-n3 jlpt-n4 jlpt-n3
謝る,"to apologize, to apologise",謝[あやま]る,Godan verb with ru ending,,jlpt-n4 jlpt-n4
此れから,after this,此[こ]れから,Temporal noun,,jlpt-n4
立てる,"to stand up, to put up, to set up, to erect, to raise",立[た]てる,"Ichidan verb, Transitive verb","to thrust into, to bury into, to dig into; to make (a noise), to start (a rumour), to raise (a cloud of dust, etc.), to cause; to make, to establish, to set up, to develop, to formulate; to put up (a political candidate), to make (one's leader); to treat with respect, to give (someone) their due, to make (someone) look good, to avoid embarrassing (someone); to sharpen, to make clear; to shut, to close; to make tea (matcha), to perform the tea ceremony; to divide by; to do ... vigorously",jlpt-n4 jlpt-n4
寂しい,"lonely, lonesome, solitary, desolate",寂[さび]しい,I-adjective,,jlpt-n4 jlpt-n4
濡れる,to get wet,濡[ぬ]れる,"Ichidan verb, intransitive verb",,jlpt-n4 jlpt-n3 jlpt-n4 jlpt-n3
投げる,"to throw, to hurl, to fling, to toss, to cast",投[な]げる,"Ichidan verb, Transitive verb","to give up, to abandon, to throw away; to cast (a glance, shadow, doubt, etc.)",jlpt-n4 jlpt-n4
太る,"to grow fat (stout, plump), to become fat, to gain weight",太[ふと]る,"Godan verb with ru ending, intransitive verb",,jlpt-n4 jlpt-n4
寄る,"to approach, to draw near, to come near, to be close to",寄[よ]る,"Godan verb with ru ending, intransitive verb","to gather (in one place), to come together, to meet; to stop by (while on one's way to another place), to drop by, to make a short visit; to grow old, to grow high (number, etc.); to grow (wrinkly); to lean against, to recline on; to push one's opponent while holding their belt; to decide on a price and come to a deal; to be swayed by (a person), to yield to",jlpt-n4 jlpt-n4
歯医者,dentist,歯医者[はいしゃ],Noun,,jlpt-n4 jlpt-n4
参る,"to go, to come, to call",参[まい]る,"Godan verb with ru ending, intransitive verb","to be defeated, to collapse, to die; to be annoyed, to be nonplussed; to be madly in love; to visit (shrine, grave)",jlpt-n4 jlpt-n4
召し上がる,"to eat, to drink",召[め]し 上[あ]がる,"Godan verb with ru ending, Transitive verb",,jlpt-n4 jlpt-n4
珍しい,"unusual, rare, curious",珍[めずら]しい,I-adjective,"new, novel; fine (e.g. gift)",jlpt-n4 jlpt-n4
揺れる,"to shake, to sway, to waver",揺[ゆ]れる,"Ichidan verb, intransitive verb",,jlpt-n4 jlpt-n4
祈る,"to pray, to wish",祈[いの]る,"Godan verb with ru ending, Transitive verb",,jlpt-n4 jlpt-n4
硝子,"glass, pane",硝子[ガラス],Noun,vitreous,jlpt-n4
込む,"to be crowded, to be packed",込[こ]む,"Godan verb with mu ending, intransitive verb","to be complex; to go into, to put into, to remain (seated), to be plunged into (silence), to do thoroughly; to do intently; to continue in the same state",jlpt-n4 jlpt-n1 jlpt-n4 jlpt-n1
折る,"to break, to fracture, to break off, to snap off, to pick (e.g. flowers)",折[お]る,"Godan verb with ru ending, Transitive verb","to fold, to bend; to make (origami); to interrupt, to end",jlpt-n4 jlpt-n4
大学生,"university student, college student",大学生[だいがくせい],Noun,,jlpt-n4 jlpt-n4
お礼,"thanks, gratitude",お 礼[れい],Noun,"manners, etiquette; bow; reward, gift; ceremony, ritual",jlpt-n4 jlpt-n4
眠い,"sleepy, drowsy, somnolent",眠[ねむ]い,I-adjective,,jlpt-n4 jlpt-n4
それ程,"to that degree, to that extent, that much",それ 程[ほど],Adverb,,jlpt-n4 jlpt-n1
痩せる,"to become thin, to lose weight, to reduce (one's) weight, to slim",痩[や]せる,"Ichidan verb, intransitive verb","to be barren, to be infertile, to be sterile",jlpt-n4 jlpt-n4
偶に,"occasionally, once in a while, now and then, rarely, seldom",偶[たま]に,Adverb,,jlpt-n4 jlpt-n1
噛む,to bite,噛[か]む,"Godan verb with mu ending, Transitive verb","to chew, to gnaw, to masticate; to fumble one's words (esp. during a play, broadcast, etc.), to falter with one's words, to stutter, to stammer; to crash against (e.g. of waves), to break onto (shore); to engage (of cogs, zippers, etc.), to mesh, to fit together; to be involved in; to convince, to persuade",jlpt-n4 jlpt-n4
億,"10^8, 100,000,000, hundred million",億[おく],Numeric,,jlpt-n4 jlpt-n4
触る,"to touch, to feel",触[さわ]る,"Godan verb with ru ending, intransitive verb",,jlpt-n4 jlpt-n4
瓦斯,"gas (state of matter, e.g. poison gas, natural gas)",瓦斯[ガス],Noun,"gasoline, gas, petrol; dense fog, thick fog; gas stove, gas cooker, gas range; flatulence, gas, wind, fart",jlpt-n4
掏摸,pickpocket,掏摸[すり],Noun,,jlpt-n4 jlpt-n2
成程,"I see, that's right, indeed",成程[なるほど],"Expression, Adverb",,jlpt-n4
拾う,"to pick up, to find, to gather",拾[ひろ]う,"Godan verb with u ending, Transitive verb",,jlpt-n4 jlpt-n4
焼く,to burn,焼[や]く,"Godan verb with ku ending, Transitive verb","to roast, to broil, to grill, to bake, to toast, to barbecue; to heat, to heat up; to make (charcoal, pottery, bricks, etc.), to bake, to fire, to burn; to tan (i.e. suntan), to burn; to print (a photo), to burn (an optical disc); to be jealous of, to be envious of, to envy",jlpt-n4 jlpt-n4
割れる,"to break, to be smashed",割[わ]れる,"Ichidan verb, intransitive verb","to split, to crack, to fissure, to be torn; to be divided (opinion, vote, etc.), to split (e.g. of a party); to come to light, to become clear, to be identified, to be revealed; to be distorted (of a sound); to be divisible (without a remainder); to go below a minimum",jlpt-n4 jlpt-n4
些とも,not at all (neg. verb),些[ちっ]とも,Adverb,,jlpt-n4 jlpt-n1
お宅,"your house, your home, your family",お 宅[たく],Noun,your husband; your organization; you,jlpt-n4 jlpt-n4
折れる,"to break, to be broken, to snap, to fracture",折[お]れる,"Ichidan verb, intransitive verb","to be folded; to give in, to back down, to yield, to submit; to turn (a corner)",jlpt-n4 jlpt-n4
移る,"to move (house), to transfer (department)",移[うつ]る,"Godan verb with ru ending, intransitive verb","to change the target of interest or concern; to elapse (passage of time); to be permeated by a colour or scent; to be infected, to be contagious, to spread (as in fire)",jlpt-n4 jlpt-n4
光る,"to shine, to glitter, to be bright",光[ひか]る,"Godan verb with ru ending, intransitive verb",,jlpt-n4 jlpt-n4
植える,"to plant, to grow, to raise",植[う]える,"Ichidan verb, Transitive verb","to insert, to transplant, to implant, to set (type); to inoculate (e.g. an infectious agent); to instill (idea, value, etc.), to instil, to inculcate",jlpt-n4
差し上げる,"to give, to offer",差[さ]し 上[あ]げる,"Auxiliary verb, Ichidan verb, Transitive verb","to lift up, to hold up, to raise",jlpt-n4 jlpt-n4
字,character (i.e. kanji),字[じ],Noun,"""hand-writing, penmanship; the ... word (i.e. """"the L word"""" = """"love"""")""",jlpt-n4 jlpt-n4
焼ける,"to burn, to be roasted, to be heated, to be sunburnt, to fade (in the sun), to glow red (i.e. of the sky at sunset)",焼[や]ける,"Ichidan verb, intransitive verb","to be jealous, to be envious",jlpt-n4 jlpt-n4
取り替える,"to exchange, to replace",取[と]り 替[か]える,"Ichidan verb, Transitive verb",,jlpt-n4 jlpt-n4
お祝い,"congratulation, congratulations, celebration, festival, congratulatory gift",お 祝[いわ]い,"Noun, Suru verb",,jlpt-n4 jlpt-n4
乾く,to get dry,乾[かわ]く,"Godan verb with ku ending, intransitive verb",,jlpt-n4 jlpt-n4
釣る,"to fish, to angle, to catch",釣[つ]る,"Godan verb with ru ending, Transitive verb","to lure in, to tempt, to attract, to entice, to allure",jlpt-n4 jlpt-n4
用事,"tasks, things to do, errand, business (to take care of), affairs, engagement",用事[ようじ],Noun,,jlpt-n4 jlpt-n4
成るべく,"as much as possible, wherever practicable, if possible",成[な]るべく,Adverb,,jlpt-n4 jlpt-n1
届ける,"to deliver, to forward, to send",届[とど]ける,"Ichidan verb, Transitive verb","to report, to notify, to file notice (to the authorities), to give notice, to register",jlpt-n4 jlpt-n4
浅い,"shallow, superficial",浅[あさ]い,I-adjective,"slight (wound), light (sleep), pale (colour), inadequate (knowledge); short (time), early, young",jlpt-n4 jlpt-n4
苛める,"to ill-treat, to bully, to torment, to pick on, to tease, to be cruel to, to persecute",苛[いじ]める,"Ichidan verb, Transitive verb","to be tough on (e.g. one's body), to treat harshly",jlpt-n4 jlpt-n1
お土産,"present, souvenir",お 土産[みやげ],Noun,,jlpt-n4 jlpt-n4
床屋,"barbershop, barber",床屋[とこや],Noun,,jlpt-n4 jlpt-n2 jlpt-n4 jlpt-n2
拝見,"seeing, looking at",拝見[はいけん],"Noun, Suru verb",,jlpt-n4 jlpt-n2 jlpt-n4 jlpt-n2
足す,to add (numbers),足[た]す,"Godan verb with su ending, Transitive verb","to add (something), to top up (with something); to take care of (e.g. one's business)",jlpt-n4 jlpt-n4
お釣り,change (for a purchase),お 釣[つ]り,Noun,,jlpt-n4
予習,preparation for a lesson,予習[よしゅう],"Noun, Suru verb",,jlpt-n4 jlpt-n4
寝坊,"sleeping in late, oversleeping",寝坊[ねぼう],"Noun, Suru verb, Na-adjective, No-adjective","late riser, sleepyhead",jlpt-n4 jlpt-n4
沸く,"to grow hot (e.g. water), to boil",沸[わ]く,"Godan verb with ku ending, intransitive verb","to get excited (at), to erupt (in applause, cheering, etc.), to be in a ferment, to take place energetically; to ferment; to melt (of metal)",jlpt-n4 jlpt-n4
忘れ物,"lost article, something forgotten",忘[わす]れ 物[もの],Noun,,jlpt-n4 jlpt-n4
復習,"review, revision",復習[ふくしゅう],"Noun, Suru verb",,jlpt-n4 jlpt-n4
ご主人,"your husband, her husband",ご 主人[しゅじん],Noun,,jlpt-n4 jlpt-n4
再来月,month after next,再来月[さらいげつ],"Adverbial noun, Temporal noun",,jlpt-n4 jlpt-n2 jlpt-n4 jlpt-n2
再来週,week after next,再来週[さらいしゅう],"Adverbial noun, Temporal noun",,jlpt-n4 jlpt-n2 jlpt-n4 jlpt-n2
付く,"to be attached, to be connected with, to adhere, to stick, to cling",付[つ]く,"Godan verb with ku ending, intransitive verb","to remain imprinted, to scar, to stain, to dye; to bear (fruit, interest, etc.); to be acquired (of a habit, ability, etc.), to increase (of strength, etc.); to take root; to accompany, to attend, to follow, to study with; to side with, to belong to; to possess, to haunt; to be lit, to be lighted; to be settled, to be resolved, to be decided; to be given (of a name, price, etc.); to be sensed, to be perceived; to be lucky; to become (a state, condition, etc.)",jlpt-n4 jlpt-n4
変える,"to change, to alter, to transform, to convert, to turn, to vary",変[か]える,"Ichidan verb, Transitive verb","to reform, to revise, to amend",jlpt-n4 jlpt-n4
阿弗利加,Africa,阿弗利加[アフリカ],"Noun, No-adjective",,jlpt-n4
看護師,"(hospital) nurse, registered nurse, RN",看護師[かんごし],Noun,,jlpt-n4
降り出す,"to begin to rain, to begin to snow",降[ふ]り 出[だ]す,"Godan verb with su ending, intransitive verb",,jlpt-n4 jlpt-n4
けど,"but, however, although",けど,"Conjunction, Particle",,jlpt-n4 jlpt-n2 jlpt-n1
日,"day, days",日[ひ],"Adverbial noun, Temporal noun","sun, sunshine, sunlight; case (esp. unfortunate), event",jlpt-n4 jlpt-n4
大分,"considerably, greatly, a lot",大分[だいぶ],Adverb,,jlpt-n4 jlpt-n2 jlpt-n4 jlpt-n2
間,"space (between), gap, interval, distance",間[あいだ],"Adverbial noun, Noun","time (between), pause, break; span (temporal or spatial), stretch, period (while); relationship (between, among); members (within, among); due to, because of",jlpt-n4 jlpt-n4
親,"parent, parents, mother and father",親[おや],Noun,"dealer (in cards, mahjong, etc.), banker; founder, inventor; (pet) owner; key, parent (organization), main; ancestor, forefather",jlpt-n4 jlpt-n4
熱,heat,熱[ねつ],Noun,"fever, temperature; zeal, passion, enthusiasm; mania, craze, rage",jlpt-n4 jlpt-n4
運転手,"driver, chauffeur",運転手[うんてんしゅ],Noun,,jlpt-n4 jlpt-n4
木綿,cotton (material),木綿[もめん],Noun,red silk-cotton tree (Bombax ceiba),jlpt-n4 jlpt-n1 jlpt-n4 jlpt-n1
消しゴム,"eraser, India rubber",消[け]しゴム,Noun,,jlpt-n4 jlpt-n4
テニス,tennis,テニス,Noun,,jlpt-n4 jlpt-n4
ピアノ,piano,ピアノ,Noun,,jlpt-n4 jlpt-n4
コンピュータ,computer,コンピュータ,Noun,,jlpt-n4 jlpt-n3
周り,"circumference, girth",周[まわ]り,Noun,"surroundings, neighbourhood, neighborhood, vicinity",jlpt-n4 jlpt-n4
ケーキ,cake,ケーキ,Noun,,jlpt-n4 jlpt-n4
ビル,"multi-floor building, multi-storey building",ビル,Noun,bill,jlpt-n4 jlpt-n4
カーテン,"curtain, curtains",カーテン,Noun,,jlpt-n4 jlpt-n4
ガソリン,"gasoline, petrol",ガソリン,Noun,,jlpt-n4 jlpt-n4
アルコール,alcohol,アルコール,"Noun, No-adjective",,jlpt-n4 jlpt-n4
サンドイッチ,sandwich,サンドイッチ,Noun,,jlpt-n4 jlpt-n4
オートバイ,motorcycle,オートバイ,Noun,,jlpt-n4 jlpt-n4
サラダ,salad,サラダ,Noun,,jlpt-n4 jlpt-n4
ソフト,soft,ソフト,"Na-adjective, No-adjective","software; soft hat, felt hat; soft serve ice cream; softball",jlpt-n4 jlpt-n4
テキスト,text,テキスト,Noun,textbook,jlpt-n4 jlpt-n4
ガソリンスタンド,"gas station, petrol station",ガソリンスタンド,Noun,,jlpt-n4 jlpt-n4
ジャム,jam,ジャム,Noun,,jlpt-n4 jlpt-n4
ステレオ,stereo,ステレオ,Noun,,jlpt-n4 jlpt-n4
アナウンサー,"announcer, presenter, broadcaster, reporter",アナウンサー,Noun,in-house television talent who does on-location fluff pieces for variety shows,jlpt-n4 jlpt-n4
パート,part,パート,Noun,part-timer; part-time (work),jlpt-n4 jlpt-n4
アクセサリー,accessory,アクセサリー,Noun,,jlpt-n4 jlpt-n4
エスカレーター,escalator,エスカレーター,Noun,,jlpt-n4 jlpt-n4
あっ,"ah, oh",あっ,,hey!,jlpt-n4 jlpt-n4
スーツケース,suitcase,スーツケース,Noun,,jlpt-n4 jlpt-n4
ステーキ,steak,ステーキ,Noun,,jlpt-n4 jlpt-n4
アジア,Asia,アジア,"Noun, No-adjective",,jlpt-n4 jlpt-n4
チェック,"check, plaid, checkered",チェック,"Noun, No-adjective","checking, monitoring, looking over, scrutinizing, inspecting; check (banking), cheque, bill (restaurant); check (chess)",jlpt-n4
サンダル,sandal,サンダル,Noun,,jlpt-n4 jlpt-n4
スクリーン,screen,スクリーン,Noun,,jlpt-n4 jlpt-n4
一杯,"amount necessary to fill a container (e.g. cupful, spoonful, etc.), drink (usu. alcoholic)",一杯[いっぱい],"Noun, No-adjective","full; one squid, octopus, crab, etc., one boat; fully, to capacity; a lot, much; all of ..., the entire ...",jlpt-n4
用,"business, task, errand, engagement",用[よう],Noun,"use, purpose; for the use of ..., used for ..., made for ...; call of nature, excretion",jlpt-n4 jlpt-n4
レジ,(cash) register,レジ,Noun,cashier,jlpt-n4 jlpt-n4
内,"inside, within",内[うち],"Noun, No-adjective","while; among, amongst, between; we, our; my spouse; imperial palace grounds; emperor; I, me",jlpt-n4 jlpt-n3 jlpt-n4 jlpt-n3
訳,"conclusion from reasoning, judgement or calculation based on something read or heard, reason, cause, meaning, circumstances, situation",訳[わけ],Noun,,jlpt-n4 jlpt-n4
お蔭,"grace (of God), benevolence (of Buddha), blessing",お 蔭[かげ],Noun,"assistance, help, aid; effects, influence",jlpt-n4 jlpt-n1
もう直ぐ,"soon, shortly, before long, nearly, almost",もう 直[す]ぐ,"Expression, Adverb",,jlpt-n4
包む,"to wrap up, to tuck in, to pack, to do up, to cover with, to dress in",包[つつ]む,"Godan verb with mu ending, Transitive verb","to conceal, to hide, to be engulfed in, to be enveloped by",jlpt-n4 jlpt-n2 jlpt-n1 jlpt-n4 jlpt-n2 jlpt-n1
国際,international,国際[こくさい],"No-adjective, Noun",,jlpt-n4 jlpt-n4
毛,hair,毛[け],Noun,"fur, wool; down, plumage, feathers",jlpt-n4 jlpt-n4
泳ぎ方,way of swimming,泳[およ]ぎ 方[かた],Noun,,jlpt-n4 jlpt-n4
都,"metropolitan, municipal",都[と],"Noun, No-adjective",,jlpt-n4 jlpt-n4
家内,(my) wife,家内[かない],Noun,"inside the home, one's family",jlpt-n4 jlpt-n4
お見舞い,"calling on someone who is ill, enquiry, inquiry",お 見舞[みま]い,Noun,,jlpt-n4 jlpt-n4
そう,"so, really, seeming",そう,Adverb,"appearing that, seeming that, looking like, having the appearance of",jlpt-n4 jlpt-n3 jlpt-n4 jlpt-n3
そんな,"such (about the actions of the listener, or about ideas expressed or understood by the listener), like that, that sort of",そんな,Pre-noun adjectival,,jlpt-n4 jlpt-n4
若し,"if, in case, supposing",若[も]し,Adverb,,jlpt-n4 jlpt-n1
非常に,"very, extremely, exceedingly",非常[ひじょう]に,Adverb,,jlpt-n4 jlpt-n4
だから,"so, therefore",だから,Conjunction,,jlpt-n4 jlpt-n3 jlpt-n4 jlpt-n3
はっきり,"clearly, plainly, distinctly",はっきり,"Adverb, Adverb taking the 'to' particle","to be clear, to be definite, to be certain, to be exact, to become clear, to clear up",jlpt-n4 jlpt-n4
すっかり,"all, completely, totally, entirely, thoroughly",すっかり,"Adverb, Adverb taking the 'to' particle",,jlpt-n4 jlpt-n4
コンサート,concert,コンサート,Noun,,jlpt-n4 jlpt-n4
やっと,"at last, at length",やっと,Adverb,"barely, narrowly, just, by the skin of one's teeth",jlpt-n4 jlpt-n4
あんな,"such (about something or someone distant from both speaker and listener, or about a situation unfamiliar to both speaker and listener), so, that, sort of",あんな,Pre-noun adjectival,,jlpt-n4 jlpt-n4
プレゼント,"present, gift",プレゼント,Noun,to give a present or gift,jlpt-n4 jlpt-n4
タイプ,"type, kind, sort, style",タイプ,Noun,"type (of person), (ideal) type, one's type; typewriter; typing",jlpt-n4 jlpt-n4
レポート,"report, paper",レポート,"Noun, Suru verb",reportage,jlpt-n4 jlpt-n3 jlpt-n2 jlpt-n4 jlpt-n3 jlpt-n2
そろそろ,"slowly, quietly, steadily, gradually, gingerly",そろそろ,"Adverb, Adverb taking the 'to' particle","soon, momentarily, before long, any time now",jlpt-n4 jlpt-n4
ベル,bell,ベル,Noun,"bel, B",jlpt-n4 jlpt-n4
いらっしゃる,"to come, to go, to be (somewhere)",いらっしゃる,"Godan verb - aru special class, intransitive verb",to be (doing),jlpt-n4 jlpt-n4
其れで,"and, thereupon, because of that",其[そ]れで,Conjunction,,jlpt-n4 jlpt-n1
どんどん,"drumming (noise), beating, pounding, banging, booming, stamping",どんどん,"Adverb, Adverb taking the 'to' particle","rapidly, quickly, steadily; continuously, one after the other, in succession",jlpt-n4 jlpt-n4
スーツ,suit (clothing),スーツ,Noun,suit (playing cards),jlpt-n4 jlpt-n4
ちゃん,suffix for familiar person,ちゃん,Suffix,,jlpt-n4 jlpt-n4
ワープロ,word processor,ワープロ,Noun,,jlpt-n4 jlpt-n4
汚れる,"to get dirty, to become dirty",汚[よご]れる,"Ichidan verb, intransitive verb","to become sullied, to become corrupted, to lose one's chastity",jlpt-n4 jlpt-n4
パソコン,personal computer,パソコン,"Noun, No-adjective",,jlpt-n4 jlpt-n4
ご馳走,"feast, treating (someone)",ご 馳走[ちそう],Noun,"to treat (someone, e.g. to a meal)",jlpt-n4 jlpt-n2 jlpt-n1
この頃,"these days, nowadays, now, at present, recently, lately",この 頃[ごろ],"Adverbial noun, Temporal noun",,jlpt-n4 jlpt-n1
アルバイト,"part-time job, side job",アルバイト,"Noun, Suru verb",part-time worker; albite,jlpt-n4 jlpt-n4
ハンドバッグ,"handbag, purse",ハンドバッグ,Noun,,jlpt-n4 jlpt-n4
すると,"thereupon, hereupon",すると,Conjunction,,jlpt-n4 jlpt-n3 jlpt-n4 jlpt-n3
さっき,"some time ago, just now",さっき,"Adverbial noun, Noun",,jlpt-n4 jlpt-n4
其れに,"besides, in addition, also, moreover",其[そ]れに,Conjunction,,jlpt-n4 jlpt-n1
この間,"the other day, lately, recently, during this period",この 間[あいだ],"Temporal noun, Adverbial noun","meanwhile, in the meantime",jlpt-n4 jlpt-n1 jlpt-n4 jlpt-n1
ファックス,"fax, facsimile",ファックス,"Noun, Suru verb",fax machine,jlpt-n4 jlpt-n4
すっと,"straight, quickly, directly, all of a sudden",すっと,"Adverb, Suru verb","quietly, gently, softly; to feel refreshed, to feel satisfied",jlpt-n4 jlpt-n4
そんなに,"so much, so, like that",そんなに,Expression,,jlpt-n4 jlpt-n4
仰っしゃる,"to say, to speak, to tell, to talk",仰[お]っしゃる,"Godan verb - aru special class, Transitive verb",,jlpt-n4 jlpt-n1
うん,"yes, yeah, uh huh",うん,,"hum, hmmm, well, erm; oof",jlpt-n4 jlpt-n4
ああ,"like that (used for something or someone distant from both speaker and listener), so",ああ,Adverb,,jlpt-n4 jlpt-n4
ご覧になる,"to see, to look, to watch",ご 覧[らん]になる,"Expression, Godan verb with ru ending",to try to,jlpt-n4 jlpt-n4
変わる,"to change, to be transformed, to be altered, to vary",変[か]わる,"Godan verb with ru ending, intransitive verb","to move to; to be different, to be uncommon, to be unusual",jlpt-n4 jlpt-n4
久しぶり,"a long time (since the last time), first in a long time",久[ひさ]しぶり,"Na-adjective, No-adjective, Noun",,jlpt-n4 jlpt-n1 jlpt-n4 jlpt-n1
昼休み,"lunch break, noon recess, noon rest period",昼休[ひるやす]み,"Adverbial noun, Temporal noun",,jlpt-n4 jlpt-n4
二階建て,two-storied building,二階建[にかいだ]て,Noun,,jlpt-n4 jlpt-n4
斯う,"in this way, thus, such",斯[こ]う,Adverb,uh...,jlpt-n4
お出でになる,to be,お 出[い]でになる,"Expression, Godan verb with ru ending",to come; to go,jlpt-n4 jlpt-n1
お祭り,"festival, feast, carnival",お 祭[まつ]り,Noun,,jlpt-n4 jlpt-n4
端,"edge, tip, end",端[つま],Noun,gable wall; gable,jlpt-n4 jlpt-n4
